/*
SQLyog Community v13.1.5  (64 bit)
MySQL - 5.6.12-log : Database - prjt
*********************************************************************
*/

/*!40101 SET NAMES utf8 */;

/*!40101 SET SQL_MODE=''*/;

/*!40014 SET @OLD_UNIQUE_CHECKS=@@UNIQUE_CHECKS, UNIQUE_CHECKS=0 */;
/*!40014 SET @OLD_FOREIGN_KEY_CHECKS=@@FOREIGN_KEY_CHECKS, FOREIGN_KEY_CHECKS=0 */;
/*!40101 SET @OLD_SQL_MODE=@@SQL_MODE, SQL_MODE='NO_AUTO_VALUE_ON_ZERO' */;
/*!40111 SET @OLD_SQL_NOTES=@@SQL_NOTES, SQL_NOTES=0 */;
CREATE DATABASE /*!32312 IF NOT EXISTS*/`prjt` /*!40100 DEFAULT CHARACTER SET latin1 */;

USE `prjt`;

/*Table structure for table ` brow` */

DROP TABLE IF EXISTS ` brow`;

CREATE TABLE ` brow` (
  `S/No` int(11) NOT NULL AUTO_INCREMENT,
  `Date` date DEFAULT NULL,
  `Time` varchar(11) DEFAULT NULL,
  `bro_hist` varchar(20) DEFAULT NULL,
  `ULid` varchar(40) DEFAULT NULL,
  PRIMARY KEY (`S/No`)
) ENGINE=InnoDB AUTO_INCREMENT=3 DEFAULT CHARSET=latin1;

/*Data for the table ` brow` */

insert  into ` brow`(`S/No`,`Date`,`Time`,`bro_hist`,`ULid`) values 
(1,'2022-09-23','2:00','google_com',NULL),
(2,'2022-12-09','13:39:26','chrome',NULL);

/*Table structure for table `call_logs` */

DROP TABLE IF EXISTS `call_logs`;

CREATE TABLE `call_logs` (
  `S/No` int(11) NOT NULL AUTO_INCREMENT,
  `Phone_number` varchar(100) DEFAULT NULL,
  `Date` date DEFAULT NULL,
  `Time` varchar(100) DEFAULT NULL,
  `Call_type` varchar(15) DEFAULT NULL,
  `Duration` varchar(1000) DEFAULT NULL,
  `ULid` int(11) DEFAULT NULL,
  PRIMARY KEY (`S/No`)
) ENGINE=InnoDB AUTO_INCREMENT=21 DEFAULT CHARSET=latin1;

/*Data for the table `call_logs` */

insert  into `call_logs`(`S/No`,`Phone_number`,`Date`,`Time`,`Call_type`,`Duration`,`ULid`) values 
(19,'+917736982547','2023-02-05','12:49:20','incoming','0:0:34',9),
(20,'+918089499457','2023-02-18','13:06:09','Outgoing','0:0:9',10);

/*Table structure for table `location` */

DROP TABLE IF EXISTS `location`;

CREATE TABLE `location` (
  `S/No` int(11) NOT NULL AUTO_INCREMENT,
  `Date` date DEFAULT NULL,
  `Time` varchar(15) DEFAULT NULL,
  `Lattitude` varchar(50) DEFAULT NULL,
  `longitude` varchar(50) DEFAULT NULL,
  `ULid` varchar(30) DEFAULT NULL,
  PRIMARY KEY (`S/No`)
) ENGINE=InnoDB AUTO_INCREMENT=1212 DEFAULT CHARSET=latin1;

/*Data for the table `location` */

insert  into `location`(`S/No`,`Date`,`Time`,`Lattitude`,`longitude`,`ULid`) values 
(1129,'2023-02-18','13:05:02','11.259074','75.7839605','10'),
(1130,'2023-02-18','13:05:11','11.2590991','75.7840137','10'),
(1131,'2023-02-18','13:06:02','11.2591196','75.7840433','10'),
(1132,'2023-02-18','13:06:11','11.2591144','75.7840343','10'),
(1133,'2023-02-18','13:07:03','11.259088','75.7840073','10'),
(1134,'2023-02-18','13:07:11','11.2591042','75.784021','10'),
(1135,'2023-02-18','13:08:04','11.2590957','75.7840131','10'),
(1136,'2023-02-18','13:08:12','11.2589595','75.7837122','10'),
(1137,'2023-02-18','14:31:09','11.2589819','75.783789','8'),
(1138,'2023-02-18','14:31:19','11.2589819','75.783789','8'),
(1139,'2023-02-18','14:35:13','11.2589087','75.7837636','8'),
(1140,'2023-02-18','14:35:24','11.2589087','75.7837636','8'),
(1141,'2023-02-18','14:37:14','11.2589139','75.7837459','8'),
(1142,'2023-02-18','14:37:39','11.2589159','75.7837392','8'),
(1143,'2023-02-18','14:38:15','11.2589336','75.7837307','8'),
(1144,'2023-02-18','14:38:26','11.258934900000002','75.7839072','8'),
(1145,'2023-02-18','14:38:54','11.2589341','75.7839018','8'),
(1146,'2023-02-18','14:38:54','11.2589341','75.7839018','8'),
(1147,'2023-02-18','14:39:04','11.2589115','75.7839721','8'),
(1148,'2023-02-18','14:39:04','11.2589115','75.7839721','8'),
(1149,'2023-02-18','14:39:54','11.2588608','75.784225','8'),
(1150,'2023-02-18','14:39:56','11.2589286','75.7837613','8'),
(1151,'2023-02-18','14:40:03','11.2589286','75.7837613','8'),
(1152,'2023-02-18','14:40:04','11.2589286','75.7837613','8'),
(1153,'2023-02-18','14:40:57','11.258969599999999','75.78380979999999','8'),
(1154,'2023-02-18','14:40:58','11.2589769','75.7838298','8'),
(1155,'2023-02-18','14:41:03','11.2589769','75.7838298','8'),
(1156,'2023-02-18','14:41:04','11.2589769','75.7838298','8'),
(1157,'2023-02-18','14:41:59','11.2589766','75.7838323','8'),
(1158,'2023-02-18','14:41:59','11.2589766','75.7838323','8'),
(1159,'2023-02-18','14:42:03','11.2589465','75.7836536','8'),
(1160,'2023-02-18','14:42:04','11.2589465','75.7836536','8'),
(1161,'2023-02-18','14:43:00','11.2589403','75.7836482','8'),
(1162,'2023-02-18','14:43:00','11.2589403','75.7836482','8'),
(1163,'2023-02-18','14:43:03','11.2589678','75.7836465','8'),
(1164,'2023-02-18','14:43:04','11.2589678','75.7836465','8'),
(1165,'2023-02-18','14:44:00','11.2589435','75.7837382','8'),
(1166,'2023-02-18','14:44:00','11.2589435','75.7837382','8'),
(1167,'2023-02-18','14:44:03','11.2589114','75.783735','8'),
(1168,'2023-02-18','14:44:05','11.2589114','75.783735','8'),
(1169,'2023-02-18','14:45:00','11.2589529','75.7837287','8'),
(1170,'2023-02-18','14:45:00','11.2589529','75.7837287','8'),
(1171,'2023-02-18','14:45:03','11.2589525','75.783705','8'),
(1172,'2023-02-18','14:45:05','11.2589525','75.783705','8'),
(1173,'2023-02-18','14:46:00','11.2589184','75.7837663','8'),
(1174,'2023-02-18','14:46:00','11.2589184','75.7837663','8'),
(1175,'2023-02-18','14:46:04','11.2589138','75.7837728','8'),
(1176,'2023-02-18','14:46:05','11.2589138','75.7837728','8'),
(1177,'2023-02-18','14:47:00','11.2589251','75.7837768','8'),
(1178,'2023-02-18','14:47:00','11.2589251','75.7837768','8'),
(1179,'2023-02-18','14:47:04','11.2590285','75.7838062','8'),
(1180,'2023-02-18','14:47:06','11.2590285','75.7838062','8'),
(1181,'2023-02-18','14:48:00','11.2589867','75.7838187','8'),
(1182,'2023-02-18','14:48:01','11.2590263','75.7837989','8'),
(1183,'2023-02-18','14:48:06','11.2590263','75.7837989','8'),
(1184,'2023-02-18','14:48:06','11.2590263','75.7837989','8'),
(1185,'2023-02-18','14:48:55','11.2591136','75.783786','8'),
(1186,'2023-02-18','14:49:32','11.259094999999999','75.78394879999999','8'),
(1187,'2023-02-18','14:50:03','11.2591518','75.7839576','8'),
(1188,'2023-02-18','14:50:35','11.2589031','75.7838332','8'),
(1189,'2023-02-18','14:50:35','11.2589031','75.7838332','8'),
(1190,'2023-02-18','14:50:35','11.2589031','75.7838332','8'),
(1191,'2023-02-18','14:50:35','11.2589031','75.7838332','8'),
(1192,'2023-02-18','14:52:09','11.258890199999998','75.78393509999998','8'),
(1193,'2023-02-18','14:52:42','11.258904299999998','75.783876','8'),
(1194,'2023-02-18','14:53:14','11.2589424','75.7839583','8'),
(1195,'2023-02-18','14:53:15','11.2589878','75.7838264','8'),
(1196,'2023-02-18','14:53:45','11.2590253','75.783791','8'),
(1197,'2023-02-18','14:54:22','11.258980799999998','75.78382979999999','8'),
(1198,'2023-02-18','14:55:01','11.258980799999998','75.78382979999999','8'),
(1199,'2023-02-18','14:55:41','11.258980799999998','75.78382979999999','8'),
(1200,'2023-02-18','14:56:33','11.258980799999998','75.78382979999999','8'),
(1201,'2023-02-18','14:59:22','11.2590335','75.7838703','8'),
(1202,'2023-02-18','15:03:01','11.2589277','75.78379059999999','8'),
(1203,'2023-02-18','15:03:15','11.2589611','75.7837776','8'),
(1204,'2023-02-18','15:03:25','11.2589617','75.7838903','8'),
(1205,'2023-02-18','15:04:15','11.2589942','75.7840548','8'),
(1206,'2023-02-18','15:04:27','11.2589339','75.7837236','8'),
(1207,'2023-02-18','15:05:52','11.2589339','75.7837901','8'),
(1208,'2023-02-18','15:06:00','11.2589088','75.7837589','8'),
(1209,'2023-02-18','15:06:51','11.258923','75.7837685','8'),
(1210,'2023-02-18','15:07:00','11.258923','75.7837685','8'),
(1211,'2023-02-18','15:07:51','11.258923','75.7837685','8');

/*Table structure for table `login` */

DROP TABLE IF EXISTS `login`;

CREATE TABLE `login` (
  `lid` int(11) NOT NULL AUTO_INCREMENT,
  `username` varchar(50) DEFAULT NULL,
  `password` varchar(50) DEFAULT NULL,
  `type` varchar(20) DEFAULT NULL,
  PRIMARY KEY (`lid`)
) ENGINE=InnoDB AUTO_INCREMENT=12 DEFAULT CHARSET=latin1;

/*Data for the table `login` */

insert  into `login`(`lid`,`username`,`password`,`type`) values 
(1,'jhjyt@gfh','123','user'),
(2,'appumole@kilikkuttil','asd','user'),
(3,'appumole@kilikkuttil','345','user'),
(4,'appu','123456','user'),
(5,'user','root','user'),
(6,'user@gmail.com','root','user'),
(7,'vishnu@gmail.com','vishnu123','user'),
(8,'aswin@gmail.com','1234','user'),
(9,'godseye@gmail.com','godseye','user'),
(10,'aparna@gmail.com','1234','user'),
(11,'binnukrishna5233@gmail.com','16615758403661','user');

/*Table structure for table `msg` */

DROP TABLE IF EXISTS `msg`;

CREATE TABLE `msg` (
  `S/No` int(11) NOT NULL AUTO_INCREMENT,
  `Phone_Number` varchar(15) DEFAULT NULL,
  `Date` date DEFAULT NULL,
  `Time` varchar(20) DEFAULT NULL,
  `Message` varchar(10000) DEFAULT NULL,
  `type` varchar(50) DEFAULT NULL,
  `ULid` int(11) DEFAULT NULL,
  PRIMARY KEY (`S/No`)
) ENGINE=InnoDB AUTO_INCREMENT=156 DEFAULT CHARSET=latin1;

/*Data for the table `msg` */

insert  into `msg`(`S/No`,`Phone_Number`,`Date`,`Time`,`Message`,`type`,`ULid`) values 
(154,'+917736982547','2023-02-05','12:49:10','Hi','Incoming',9),
(155,'JX-JIONET','2023-02-05','13:32:23','Balance for Jio Number 8921761030:\nYou have no active plan. To recharge, click  https://www.jio.com/recharge_web','Incoming',9);

/*Table structure for table `reg_page` */

DROP TABLE IF EXISTS `reg_page`;

CREATE TABLE `reg_page` (
  `User_id` int(10) NOT NULL AUTO_INCREMENT,
  `lid` int(11) DEFAULT NULL,
  `Name` varchar(20) DEFAULT NULL,
  `E_Mail` varchar(30) DEFAULT NULL,
  `Phone_number` varchar(10) DEFAULT NULL,
  `Date_Of_Birth` varchar(20) DEFAULT NULL,
  `Gender` varchar(10) DEFAULT NULL,
  `imei` varchar(30) DEFAULT NULL,
  `touch` varchar(30) DEFAULT NULL,
  `alarm_enable` varchar(30) DEFAULT NULL,
  `file_erase` varchar(30) DEFAULT NULL,
  PRIMARY KEY (`User_id`)
) ENGINE=InnoDB AUTO_INCREMENT=12 DEFAULT CHARSET=latin1;

/*Data for the table `reg_page` */

insert  into `reg_page`(`User_id`,`lid`,`Name`,`E_Mail`,`Phone_number`,`Date_Of_Birth`,`Gender`,`imei`,`touch`,`alarm_enable`,`file_erase`) values 
(1,NULL,'Aparna','jhjyt@gfh','0987653','24/6/2002','Male','12345678912345','Enabled','enabled',NULL),
(2,2,'binnu','appumole@kilikkuttil','9645354066','01/04/2022','Male','aaafa26d858e5b6d','Enabled','enabled',NULL),
(3,3,'asmi','appumole@kilikkuttil','0987653','9765/8','Male','662f702bd9ae41df','Enabled','enabled',NULL),
(4,4,'Aparna','appumole@kilikkuttil','9645354066','2022-09-08','Female','12345678912345','Enabled',NULL,NULL),
(5,5,'user','user','1234567890','08-08-2002','male','12345567898765','Enabled',NULL,NULL),
(6,6,'User','user@gmail.com','9645354066','2002-08-08','male','7f592953099d7467','Enabled','enabled',NULL),
(7,7,'vishnu','vishnu@gmail.com','6238608660','2002-04-13','male','a0578c5335f437d1','Enabled',NULL,NULL),
(8,8,'Aswin','aswin@gmail.com','8606475934','2023-01-05','male','868134035874211','Enabled','enabled','disabled'),
(9,9,'user','godseye@gmail.com','1234567890','2013-10-15','male','20e19d63dd1ed683','Disabled','disabled','disabled'),
(10,10,'Appumol','aparna@gmail.com','7736982547','2002-06-24','female','fb207c624f96d1de','Disabled','enabled','disabled'),
(11,11,'binnukrishna','binnukrishna5233@gmail.com','8921761030','2002-08-08','male','fb207c624f96d1de',NULL,NULL,NULL);

/*Table structure for table `sim` */

DROP TABLE IF EXISTS `sim`;

CREATE TABLE `sim` (
  `simid` int(20) NOT NULL AUTO_INCREMENT,
  `simserialno` varchar(40) DEFAULT NULL,
  `simno` varchar(40) DEFAULT NULL,
  `deviceid` varchar(40) DEFAULT NULL,
  `ulid` int(11) DEFAULT NULL,
  PRIMARY KEY (`simid`)
) ENGINE=InnoDB AUTO_INCREMENT=3 DEFAULT CHARSET=latin1;

/*Data for the table `sim` */

insert  into `sim`(`simid`,`simserialno`,`simno`,`deviceid`,`ulid`) values 
(1,'89918620400303305261','918921761030','868134035874211',8),
(2,'','','fb207c624f96d1de',10);

/*Table structure for table `zone` */

DROP TABLE IF EXISTS `zone`;

CREATE TABLE `zone` (
  `zoneid` int(11) NOT NULL AUTO_INCREMENT,
  `zone` varchar(9999) DEFAULT NULL,
  `date` date DEFAULT NULL,
  `time` varchar(15) DEFAULT NULL,
  `lid` int(11) DEFAULT NULL,
  `status` varchar(30) DEFAULT 'pending',
  PRIMARY KEY (`zoneid`)
) ENGINE=InnoDB AUTO_INCREMENT=8 DEFAULT CHARSET=latin1;

/*Data for the table `zone` */

insert  into `zone`(`zoneid`,`zone`,`date`,`time`,`lid`,`status`) values 
(1,'neerad','2022-09-24','03:20',12,'Active'),
(2,'kozhikkode','0000-00-00','2.33',12,'pending'),
(3,'Vattathani',NULL,NULL,7,'Pnding'),
(4,'Kondotty',NULL,NULL,6,'Pending'),
(5,'',NULL,NULL,0,'Pending'),
(6,'',NULL,NULL,0,'Pending'),
(7,'',NULL,NULL,0,'Pending');

/*Table structure for table `zone_alert` */

DROP TABLE IF EXISTS `zone_alert`;

CREATE TABLE `zone_alert` (
  `zaid` int(11) NOT NULL AUTO_INCREMENT,
  `userlid` int(11) DEFAULT NULL,
  `date` date DEFAULT NULL,
  `time` varchar(20) DEFAULT NULL,
  PRIMARY KEY (`zaid`)
) ENGINE=InnoDB AUTO_INCREMENT=240 DEFAULT CHARSET=latin1;

/*Data for the table `zone_alert` */

insert  into `zone_alert`(`zaid`,`userlid`,`date`,`time`) values 
(79,2,'2023-01-29','12:10:37'),
(80,2,'2023-01-29','12:10:40'),
(81,2,'2023-01-29','12:10:48'),
(82,2,'2023-01-29','12:10:48'),
(83,2,'2023-01-29','12:10:49'),
(84,2,'2023-01-29','12:10:49'),
(85,2,'2023-01-29','12:10:58'),
(86,2,'2023-01-29','12:10:58'),
(87,2,'2023-01-29','12:11:37'),
(88,2,'2023-01-29','12:11:40'),
(89,2,'2023-01-29','12:11:46'),
(90,2,'2023-01-29','12:11:47'),
(91,2,'2023-01-29','12:11:48'),
(92,2,'2023-01-29','12:11:50'),
(93,2,'2023-01-29','12:11:59'),
(94,2,'2023-01-29','12:11:59'),
(95,2,'2023-01-29','12:12:37'),
(96,2,'2023-01-29','12:12:40'),
(97,2,'2023-01-29','12:12:47'),
(98,2,'2023-01-29','12:12:47'),
(99,2,'2023-01-29','12:12:48'),
(100,2,'2023-01-29','12:12:50'),
(101,2,'2023-01-29','12:12:58'),
(102,2,'2023-01-29','12:12:58'),
(103,6,'2023-01-29','12:14:12'),
(104,6,'2023-01-29','12:14:16'),
(105,6,'2023-01-29','12:14:17'),
(106,6,'2023-01-29','12:14:17'),
(107,6,'2023-01-29','12:14:28'),
(108,6,'2023-01-29','12:14:52'),
(109,6,'2023-01-29','12:14:56'),
(110,6,'2023-01-29','12:15:02'),
(111,6,'2023-01-29','12:15:03'),
(112,6,'2023-01-29','12:15:12'),
(113,6,'2023-01-29','12:15:18'),
(114,6,'2023-01-29','12:15:32'),
(115,6,'2023-01-29','12:15:59'),
(116,6,'2023-01-29','12:16:03'),
(117,6,'2023-01-29','12:16:03'),
(118,6,'2023-01-29','12:16:12'),
(119,6,'2023-01-29','12:16:18'),
(120,6,'2023-01-29','12:16:28'),
(121,6,'2023-01-29','12:23:36'),
(122,6,'2023-01-29','12:23:46'),
(123,6,'2023-01-29','12:24:36'),
(124,6,'2023-01-29','12:24:46'),
(125,6,'2023-01-29','12:25:37'),
(126,6,'2023-01-29','12:25:46'),
(127,6,'2023-01-29','12:26:37'),
(128,6,'2023-01-29','12:26:46'),
(129,6,'2023-01-29','12:27:37'),
(130,3,'2023-02-05','12:28:31'),
(131,3,'2023-02-05','12:28:40'),
(132,3,'2023-02-05','12:29:32'),
(133,3,'2023-02-05','12:29:41'),
(134,3,'2023-02-05','12:30:33'),
(135,3,'2023-02-05','12:30:41'),
(136,3,'2023-02-05','12:31:33'),
(137,3,'2023-02-05','12:31:42'),
(138,9,'2023-02-05','12:48:13'),
(139,9,'2023-02-05','12:48:21'),
(140,9,'2023-02-05','12:48:47'),
(141,9,'2023-02-05','12:48:58'),
(142,9,'2023-02-05','12:49:48'),
(143,9,'2023-02-05','12:49:58'),
(144,9,'2023-02-05','12:50:48'),
(145,9,'2023-02-05','12:50:58'),
(146,9,'2023-02-05','13:00:12'),
(147,9,'2023-02-05','13:00:16'),
(148,9,'2023-02-05','13:01:06'),
(149,9,'2023-02-05','13:01:14'),
(150,9,'2023-02-05','13:02:06'),
(151,9,'2023-02-05','13:02:14'),
(152,9,'2023-02-05','13:03:08'),
(153,9,'2023-02-05','13:03:14'),
(154,9,'2023-02-05','13:04:09'),
(155,9,'2023-02-05','13:04:16'),
(156,9,'2023-02-05','13:05:10'),
(157,9,'2023-02-05','13:05:14'),
(158,10,'2023-02-18','13:05:02'),
(159,10,'2023-02-18','13:05:11'),
(160,10,'2023-02-18','13:06:03'),
(161,10,'2023-02-18','13:06:11'),
(162,10,'2023-02-18','13:07:03'),
(163,10,'2023-02-18','13:07:12'),
(164,10,'2023-02-18','13:08:04'),
(165,10,'2023-02-18','13:08:12'),
(166,8,'2023-02-18','14:31:13'),
(167,8,'2023-02-18','14:31:19'),
(168,8,'2023-02-18','14:35:13'),
(169,8,'2023-02-18','14:35:24'),
(170,8,'2023-02-18','14:37:16'),
(171,8,'2023-02-18','14:37:39'),
(172,8,'2023-02-18','14:38:15'),
(173,8,'2023-02-18','14:38:28'),
(174,8,'2023-02-18','14:38:54'),
(175,8,'2023-02-18','14:38:54'),
(176,8,'2023-02-18','14:39:04'),
(177,8,'2023-02-18','14:39:04'),
(178,8,'2023-02-18','14:39:56'),
(179,8,'2023-02-18','14:39:56'),
(180,8,'2023-02-18','14:40:03'),
(181,8,'2023-02-18','14:40:04'),
(182,8,'2023-02-18','14:40:58'),
(183,8,'2023-02-18','14:40:58'),
(184,8,'2023-02-18','14:41:03'),
(185,8,'2023-02-18','14:41:04'),
(186,8,'2023-02-18','14:41:59'),
(187,8,'2023-02-18','14:41:59'),
(188,8,'2023-02-18','14:42:03'),
(189,8,'2023-02-18','14:42:04'),
(190,8,'2023-02-18','14:43:00'),
(191,8,'2023-02-18','14:43:00'),
(192,8,'2023-02-18','14:43:03'),
(193,8,'2023-02-18','14:43:04'),
(194,8,'2023-02-18','14:44:00'),
(195,8,'2023-02-18','14:44:00'),
(196,8,'2023-02-18','14:44:03'),
(197,8,'2023-02-18','14:44:05'),
(198,8,'2023-02-18','14:45:00'),
(199,8,'2023-02-18','14:45:00'),
(200,8,'2023-02-18','14:45:03'),
(201,8,'2023-02-18','14:45:05'),
(202,8,'2023-02-18','14:46:00'),
(203,8,'2023-02-18','14:46:00'),
(204,8,'2023-02-18','14:46:04'),
(205,8,'2023-02-18','14:46:05'),
(206,8,'2023-02-18','14:47:00'),
(207,8,'2023-02-18','14:47:00'),
(208,8,'2023-02-18','14:47:06'),
(209,8,'2023-02-18','14:47:06'),
(210,8,'2023-02-18','14:48:01'),
(211,8,'2023-02-18','14:48:01'),
(212,8,'2023-02-18','14:48:06'),
(213,8,'2023-02-18','14:48:06'),
(214,8,'2023-02-18','14:48:58'),
(215,8,'2023-02-18','14:49:33'),
(216,8,'2023-02-18','14:50:06'),
(217,8,'2023-02-18','14:50:35'),
(218,8,'2023-02-18','14:50:35'),
(219,8,'2023-02-18','14:50:35'),
(220,8,'2023-02-18','14:50:35'),
(221,8,'2023-02-18','14:52:09'),
(222,8,'2023-02-18','14:52:44'),
(223,8,'2023-02-18','14:53:15'),
(224,8,'2023-02-18','14:53:16'),
(225,8,'2023-02-18','14:53:48'),
(226,8,'2023-02-18','14:54:22'),
(227,8,'2023-02-18','14:55:01'),
(228,8,'2023-02-18','14:55:41'),
(229,8,'2023-02-18','14:56:34'),
(230,8,'2023-02-18','15:03:01'),
(231,8,'2023-02-18','15:03:15'),
(232,8,'2023-02-18','15:03:27'),
(233,8,'2023-02-18','15:04:16'),
(234,8,'2023-02-18','15:04:27'),
(235,8,'2023-02-18','15:05:52'),
(236,8,'2023-02-18','15:06:00'),
(237,8,'2023-02-18','15:06:51'),
(238,8,'2023-02-18','15:07:00'),
(239,8,'2023-02-18','15:07:51');

/*!40101 SET SQL_MODE=@OLD_SQL_MODE */;
/*!40014 SET FOREIGN_KEY_CHECKS=@OLD_FOREIGN_KEY_CHECKS */;
/*!40014 SET UNIQUE_CHECKS=@OLD_UNIQUE_CHECKS */;
/*!40111 SET SQL_NOTES=@OLD_SQL_NOTES */;
